chr,pos,alt,ref,gene
1,64643492,G,A,ROR1
1,153177307,C,T,LELP1
1,154841924,T,C,KCNN3
1,161139480,G,C,PPOX
1,196963240,C,T,CFHR5
1,216258103,C,T,USH2A
2,101009724,C,T,CHST10
2,131127666,C,T,PTPN18
2,158977989,C,G,UPP2
2,215914417,T,C,ABCA12
3,38167334,C,T,ACAA1
3,123457851,G,A,MYLK
4,91229476,G,A,CCSER1
4,123542048,C,T,IL21
4,153249384,G,A,FBXW7
4,166915565,G,T,TLL1
5,109117197,A,T,MAN2A1
5,112175639,C,T,APC
5,141313860,G,A,KIAA0141
6,38998103,C,T,DNAH8
6,90380739,C,A,MDN1
7,134552485,A,G,CALD1
7,149545177,C,T,ZNF862
8,22463613,C,T,CCAR2
8,61750759,G,A,CHD7
8,67355039,G,A,ADHFE1
8,116426763,G,A,TRPS1
9,125746783,A,C,RABGAP1
10,129207382,G,A,DOCK1
11,55370958,T,A,OR4C11
11,57077855,T,G,TNKS1BP1
11,62437385,A,G,LBHD1
11,94340776,G,A,PIWIL4
11,120996279,G,A,TECTA
11,124644798,G,A,MSANTD2
12,25398285,G,T,KRAS
12,49239528,G,T,DDX23
13,31526870,G,C,TEX26
13,58299360,G,A,PCDH17
13,79894769,G,C,RBM26
13,103492027,C,G,BIVM
13,103492027,C,G,BIVM-ERCC5
14,20248657,T,C,OR4M1
16,68732301,T,C,CDH3
16,69199374,C,T,UTP4
17,1787173,G,T,RPA1
17,65688748,A,G,PITPNC1
19,15905258,G,A,OR10H5
19,35941265,C,T,FFAR2
19,51875222,C,A,NKG7
20,55033540,G,A,CASS4
21,28304408,T,C,ADAMTS5
22,26422700,G,A,MYO18B
X,12938219,C,T,TLR8
X,27765668,G,A,DCAF8L2